{"name":"excel-compare","classpathEntries":[{"kind":"binary","path":"C:\\Program Files\\Java\\jdk1.8.0_191\\jre\\lib\\resources.jar","javadocContainerUrl":"https://docs.oracle.com/javase/1/docs/api/","isSystem":true,"isOwn":false,"isTest":false,"isJavaContent":false},{"kind":"binary","path":"C:\\Program Files\\Java\\jdk1.8.0_191\\jre\\lib\\rt.jar","javadocContainerUrl":"https://docs.oracle.com/javase/1/docs/api/","isSystem":true,"isOwn":false,"isTest":false,"isJavaContent":false},{"kind":"binary","path":"C:\\Program Files\\Java\\jdk1.8.0_191\\jre\\lib\\jsse.jar","javadocContainerUrl":"https://docs.oracle.com/javase/1/docs/api/","isSystem":true,"isOwn":false,"isTest":false,"isJavaContent":false},{"kind":"binary","path":"C:\\Program Files\\Java\\jdk1.8.0_191\\jre\\lib\\jce.jar","javadocContainerUrl":"https://docs.oracle.com/javase/1/docs/api/","isSystem":true,"isOwn":false,"isTest":false,"isJavaContent":false},{"kind":"binary","path":"C:\\Program Files\\Java\\jdk1.8.0_191\\jre\\lib\\charsets.jar","javadocContainerUrl":"https://docs.oracle.com/javase/1/docs/api/","isSystem":true,"isOwn":false,"isTest":false,"isJavaContent":false},{"kind":"binary","path":"C:\\Program Files\\Java\\jdk1.8.0_191\\jre\\lib\\jfr.jar","javadocContainerUrl":"https://docs.oracle.com/javase/1/docs/api/","isSystem":true,"isOwn":false,"isTest":false,"isJavaContent":false},{"kind":"binary","path":"C:\\Program Files (x86)\\HP\\Unified Functional Testing\\bin\\java_shared\\classes\\jasmine.jar","javadocContainerUrl":"https://docs.oracle.com/javase/1/docs/api/","isSystem":true,"isOwn":false,"isTest":false,"isJavaContent":false},{"kind":"binary","path":"C:\\Users\\skumar33\\.m2\\repository\\org\\apache\\poi\\poi-ooxml\\3.17\\poi-ooxml-3.17.jar","sourceContainerUrl":"file:/C:/Users/skumar33/.m2/repository/org/apache/poi/poi-ooxml/3.17/poi-ooxml-3.17-sources.jar","javadocContainerUrl":"file:/C:/Users/skumar33/.m2/repository/org/apache/poi/poi-ooxml/3.17/poi-ooxml-3.17-javadoc.jar","isSystem":false,"isOwn":false,"isTest":false,"isJavaContent":false},{"kind":"binary","path":"C:\\Users\\skumar33\\.m2\\repository\\org\\apache\\poi\\poi\\3.17\\poi-3.17.jar","sourceContainerUrl":"file:/C:/Users/skumar33/.m2/repository/org/apache/poi/poi/3.17/poi-3.17-sources.jar","javadocContainerUrl":"file:/C:/Users/skumar33/.m2/repository/org/apache/poi/poi/3.17/poi-3.17-javadoc.jar","isSystem":false,"isOwn":false,"isTest":false,"isJavaContent":false},{"kind":"binary","path":"C:\\Users\\skumar33\\.m2\\repository\\commons-codec\\commons-codec\\1.10\\commons-codec-1.10.jar","sourceContainerUrl":"file:/C:/Users/skumar33/.m2/repository/commons-codec/commons-codec/1.10/commons-codec-1.10-sources.jar","javadocContainerUrl":"file:/C:/Users/skumar33/.m2/repository/commons-codec/commons-codec/1.10/commons-codec-1.10-javadoc.jar","isSystem":false,"isOwn":false,"isTest":false,"isJavaContent":false},{"kind":"binary","path":"C:\\Users\\skumar33\\.m2\\repository\\org\\apache\\commons\\commons-collections4\\4.1\\commons-collections4-4.1.jar","sourceContainerUrl":"file:/C:/Users/skumar33/.m2/repository/org/apache/commons/commons-collections4/4.1/commons-collections4-4.1-sources.jar","javadocContainerUrl":"file:/C:/Users/skumar33/.m2/repository/org/apache/commons/commons-collections4/4.1/commons-collections4-4.1-javadoc.jar","isSystem":false,"isOwn":false,"isTest":false,"isJavaContent":false},{"kind":"binary","path":"C:\\Users\\skumar33\\.m2\\repository\\org\\apache\\poi\\poi-ooxml-schemas\\3.17\\poi-ooxml-schemas-3.17.jar","isSystem":false,"isOwn":false,"isTest":false,"isJavaContent":false},{"kind":"binary","path":"C:\\Users\\skumar33\\.m2\\repository\\org\\apache\\xmlbeans\\xmlbeans\\2.6.0\\xmlbeans-2.6.0.jar","isSystem":false,"isOwn":false,"isTest":false,"isJavaContent":false},{"kind":"binary","path":"C:\\Users\\skumar33\\.m2\\repository\\stax\\stax-api\\1.0.1\\stax-api-1.0.1.jar","isSystem":false,"isOwn":false,"isTest":false,"isJavaContent":false},{"kind":"binary","path":"C:\\Users\\skumar33\\.m2\\repository\\com\\github\\virtuald\\curvesapi\\1.04\\curvesapi-1.04.jar","sourceContainerUrl":"file:/C:/Users/skumar33/.m2/repository/com/github/virtuald/curvesapi/1.04/curvesapi-1.04-sources.jar","javadocContainerUrl":"file:/C:/Users/skumar33/.m2/repository/com/github/virtuald/curvesapi/1.04/curvesapi-1.04-javadoc.jar","isSystem":false,"isOwn":false,"isTest":false,"isJavaContent":false},{"kind":"source","path":"H:\\bqsa\\workspace\\excel-compare\\src","outputFolder":"H:\\bqsa\\workspace\\excel-compare\\target\\classes","javadocContainerUrl":"file:/H:/bqsa/workspace/excel-compare/target/site/apidocs","isSystem":false,"isOwn":true,"isTest":false,"isJavaContent":true},{"kind":"source","path":"H:\\bqsa\\workspace\\excel-compare\\src\\main\\resources","outputFolder":"H:\\bqsa\\workspace\\excel-compare\\target\\classes","isSystem":false,"isOwn":true,"isTest":false,"isJavaContent":false},{"kind":"source","path":"H:\\bqsa\\workspace\\excel-compare\\src\\test\\resources","outputFolder":"H:\\bqsa\\workspace\\excel-compare\\target\\test-classes","isSystem":false,"isOwn":true,"isTest":true,"isJavaContent":false},{"kind":"source","path":"H:\\bqsa\\workspace\\excel-compare\\src\\test\\java","outputFolder":"H:\\bqsa\\workspace\\excel-compare\\target\\test-classes","javadocContainerUrl":"file:/H:/bqsa/workspace/excel-compare/target/site/apidocs","isSystem":false,"isOwn":true,"isTest":false,"isJavaContent":false}]}