{"name":"bor-file-generator-ui","classpathEntries":[{"kind":"binary","path":"C:\\Program Files\\Java\\jdk1.8.0_191\\jre\\lib\\resources.jar","javadocContainerUrl":"https://docs.oracle.com/javase/1/docs/api/","isSystem":true,"isOwn":false,"isTest":false,"isJavaContent":false},{"kind":"binary","path":"C:\\Program Files\\Java\\jdk1.8.0_191\\jre\\lib\\rt.jar","javadocContainerUrl":"https://docs.oracle.com/javase/1/docs/api/","isSystem":true,"isOwn":false,"isTest":false,"isJavaContent":false},{"kind":"binary","path":"C:\\Program Files\\Java\\jdk1.8.0_191\\jre\\lib\\jsse.jar","javadocContainerUrl":"https://docs.oracle.com/javase/1/docs/api/","isSystem":true,"isOwn":false,"isTest":false,"isJavaContent":false},{"kind":"binary","path":"C:\\Program Files\\Java\\jdk1.8.0_191\\jre\\lib\\jce.jar","javadocContainerUrl":"https://docs.oracle.com/javase/1/docs/api/","isSystem":true,"isOwn":false,"isTest":false,"isJavaContent":false},{"kind":"binary","path":"C:\\Program Files\\Java\\jdk1.8.0_191\\jre\\lib\\charsets.jar","javadocContainerUrl":"https://docs.oracle.com/javase/1/docs/api/","isSystem":true,"isOwn":false,"isTest":false,"isJavaContent":false},{"kind":"binary","path":"C:\\Program Files\\Java\\jdk1.8.0_191\\jre\\lib\\jfr.jar","javadocContainerUrl":"https://docs.oracle.com/javase/1/docs/api/","isSystem":true,"isOwn":false,"isTest":false,"isJavaContent":false},{"kind":"binary","path":"C:\\Program Files (x86)\\HP\\Unified Functional Testing\\bin\\java_shared\\classes\\jasmine.jar","javadocContainerUrl":"https://docs.oracle.com/javase/1/docs/api/","isSystem":true,"isOwn":false,"isTest":false,"isJavaContent":false},{"kind":"binary","path":"C:\\Users\\skumar33\\.m2\\repository\\commons-dbutils\\commons-dbutils\\1.5\\commons-dbutils-1.5.jar","sourceContainerUrl":"file:/C:/Users/skumar33/.m2/repository/commons-dbutils/commons-dbutils/1.5/commons-dbutils-1.5-sources.jar","javadocContainerUrl":"file:/C:/Users/skumar33/.m2/repository/commons-dbutils/commons-dbutils/1.5/commons-dbutils-1.5-javadoc.jar","isSystem":false,"isOwn":false,"isTest":false,"isJavaContent":false},{"kind":"binary","path":"C:\\Users\\skumar33\\.m2\\repository\\com\\bsc\\qa\\bqsa-services-core\\0.0.18-SNAPSHOT\\bqsa-services-core-0.0.18-SNAPSHOT.jar","sourceContainerUrl":"file:/C:/Users/skumar33/.m2/repository/com/bsc/qa/bqsa-services-core/0.0.18-SNAPSHOT/bqsa-services-core-0.0.18-SNAPSHOT-sources.jar","isSystem":false,"isOwn":false,"isTest":false,"isJavaContent":false},{"kind":"binary","path":"C:\\Users\\skumar33\\.m2\\repository\\junit\\junit\\4.8.1\\junit-4.8.1.jar","sourceContainerUrl":"file:/C:/Users/skumar33/.m2/repository/junit/junit/4.8.1/junit-4.8.1-sources.jar","isSystem":false,"isOwn":false,"isTest":false,"isJavaContent":false},{"kind":"binary","path":"C:\\Users\\skumar33\\.m2\\repository\\com\\google\\guava\\guava\\19.0\\guava-19.0.jar","sourceContainerUrl":"file:/C:/Users/skumar33/.m2/repository/com/google/guava/guava/19.0/guava-19.0-sources.jar","javadocContainerUrl":"file:/C:/Users/skumar33/.m2/repository/com/google/guava/guava/19.0/guava-19.0-javadoc.jar","isSystem":false,"isOwn":false,"isTest":false,"isJavaContent":false},{"kind":"binary","path":"C:\\Users\\skumar33\\.m2\\repository\\com\\googlecode\\json-simple\\json-simple\\1.1.1\\json-simple-1.1.1.jar","sourceContainerUrl":"file:/C:/Users/skumar33/.m2/repository/com/googlecode/json-simple/json-simple/1.1.1/json-simple-1.1.1-sources.jar","javadocContainerUrl":"file:/C:/Users/skumar33/.m2/repository/com/googlecode/json-simple/json-simple/1.1.1/json-simple-1.1.1-javadoc.jar","isSystem":false,"isOwn":false,"isTest":false,"isJavaContent":false},{"kind":"binary","path":"C:\\Users\\skumar33\\.m2\\repository\\org\\assertj\\assertj-core\\3.11.0\\assertj-core-3.11.0.jar","sourceContainerUrl":"file:/C:/Users/skumar33/.m2/repository/org/assertj/assertj-core/3.11.0/assertj-core-3.11.0-sources.jar","javadocContainerUrl":"file:/C:/Users/skumar33/.m2/repository/org/assertj/assertj-core/3.11.0/assertj-core-3.11.0-javadoc.jar","isSystem":false,"isOwn":false,"isTest":false,"isJavaContent":false},{"kind":"binary","path":"C:\\Users\\skumar33\\.m2\\repository\\org\\seleniumhq\\selenium\\selenium-java\\2.53.1\\selenium-java-2.53.1.jar","isSystem":false,"isOwn":false,"isTest":false,"isJavaContent":false},{"kind":"binary","path":"C:\\Users\\skumar33\\.m2\\repository\\org\\seleniumhq\\selenium\\selenium-chrome-driver\\2.53.1\\selenium-chrome-driver-2.53.1.jar","sourceContainerUrl":"file:/C:/Users/skumar33/.m2/repository/org/seleniumhq/selenium/selenium-chrome-driver/2.53.1/selenium-chrome-driver-2.53.1-sources.jar","javadocContainerUrl":"file:/C:/Users/skumar33/.m2/repository/org/seleniumhq/selenium/selenium-chrome-driver/2.53.1/selenium-chrome-driver-2.53.1-javadoc.jar","isSystem":false,"isOwn":false,"isTest":false,"isJavaContent":false},{"kind":"binary","path":"C:\\Users\\skumar33\\.m2\\repository\\org\\seleniumhq\\selenium\\selenium-remote-driver\\2.53.1\\selenium-remote-driver-2.53.1.jar","sourceContainerUrl":"file:/C:/Users/skumar33/.m2/repository/org/seleniumhq/selenium/selenium-remote-driver/2.53.1/selenium-remote-driver-2.53.1-sources.jar","javadocContainerUrl":"file:/C:/Users/skumar33/.m2/repository/org/seleniumhq/selenium/selenium-remote-driver/2.53.1/selenium-remote-driver-2.53.1-javadoc.jar","isSystem":false,"isOwn":false,"isTest":false,"isJavaContent":false},{"kind":"binary","path":"C:\\Users\\skumar33\\.m2\\repository\\cglib\\cglib-nodep\\2.1_3\\cglib-nodep-2.1_3.jar","sourceContainerUrl":"file:/C:/Users/skumar33/.m2/repository/cglib/cglib-nodep/2.1_3/cglib-nodep-2.1_3-sources.jar","isSystem":false,"isOwn":false,"isTest":false,"isJavaContent":false},{"kind":"binary","path":"C:\\Users\\skumar33\\.m2\\repository\\com\\google\\code\\gson\\gson\\2.3.1\\gson-2.3.1.jar","sourceContainerUrl":"file:/C:/Users/skumar33/.m2/repository/com/google/code/gson/gson/2.3.1/gson-2.3.1-sources.jar","javadocContainerUrl":"file:/C:/Users/skumar33/.m2/repository/com/google/code/gson/gson/2.3.1/gson-2.3.1-javadoc.jar","isSystem":false,"isOwn":false,"isTest":false,"isJavaContent":false},{"kind":"binary","path":"C:\\Users\\skumar33\\.m2\\repository\\org\\seleniumhq\\selenium\\selenium-api\\2.53.1\\selenium-api-2.53.1.jar","sourceContainerUrl":"file:/C:/Users/skumar33/.m2/repository/org/seleniumhq/selenium/selenium-api/2.53.1/selenium-api-2.53.1-sources.jar","javadocContainerUrl":"file:/C:/Users/skumar33/.m2/repository/org/seleniumhq/selenium/selenium-api/2.53.1/selenium-api-2.53.1-javadoc.jar","isSystem":false,"isOwn":false,"isTest":false,"isJavaContent":false},{"kind":"binary","path":"C:\\Users\\skumar33\\.m2\\repository\\org\\seleniumhq\\selenium\\selenium-edge-driver\\2.53.1\\selenium-edge-driver-2.53.1.jar","sourceContainerUrl":"file:/C:/Users/skumar33/.m2/repository/org/seleniumhq/selenium/selenium-edge-driver/2.53.1/selenium-edge-driver-2.53.1-sources.jar","javadocContainerUrl":"file:/C:/Users/skumar33/.m2/repository/org/seleniumhq/selenium/selenium-edge-driver/2.53.1/selenium-edge-driver-2.53.1-javadoc.jar","isSystem":false,"isOwn":false,"isTest":false,"isJavaContent":false},{"kind":"binary","path":"C:\\Users\\skumar33\\.m2\\repository\\commons-io\\commons-io\\2.4\\commons-io-2.4.jar","sourceContainerUrl":"file:/C:/Users/skumar33/.m2/repository/commons-io/commons-io/2.4/commons-io-2.4-sources.jar","javadocContainerUrl":"file:/C:/Users/skumar33/.m2/repository/commons-io/commons-io/2.4/commons-io-2.4-javadoc.jar","isSystem":false,"isOwn":false,"isTest":false,"isJavaContent":false},{"kind":"binary","path":"C:\\Users\\skumar33\\.m2\\repository\\org\\apache\\commons\\commons-exec\\1.3\\commons-exec-1.3.jar","sourceContainerUrl":"file:/C:/Users/skumar33/.m2/repository/org/apache/commons/commons-exec/1.3/commons-exec-1.3-sources.jar","javadocContainerUrl":"file:/C:/Users/skumar33/.m2/repository/org/apache/commons/commons-exec/1.3/commons-exec-1.3-javadoc.jar","isSystem":false,"isOwn":false,"isTest":false,"isJavaContent":false},{"kind":"binary","path":"C:\\Users\\skumar33\\.m2\\repository\\org\\seleniumhq\\selenium\\htmlunit-driver\\2.21\\htmlunit-driver-2.21.jar","sourceContainerUrl":"file:/C:/Users/skumar33/.m2/repository/org/seleniumhq/selenium/htmlunit-driver/2.21/htmlunit-driver-2.21-sources.jar","javadocContainerUrl":"file:/C:/Users/skumar33/.m2/repository/org/seleniumhq/selenium/htmlunit-driver/2.21/htmlunit-driver-2.21-javadoc.jar","isSystem":false,"isOwn":false,"isTest":false,"isJavaContent":false},{"kind":"binary","path":"C:\\Users\\skumar33\\.m2\\repository\\net\\sourceforge\\htmlunit\\htmlunit\\2.21\\htmlunit-2.21.jar","sourceContainerUrl":"file:/C:/Users/skumar33/.m2/repository/net/sourceforge/htmlunit/htmlunit/2.21/htmlunit-2.21-sources.jar","javadocContainerUrl":"file:/C:/Users/skumar33/.m2/repository/net/sourceforge/htmlunit/htmlunit/2.21/htmlunit-2.21-javadoc.jar","isSystem":false,"isOwn":false,"isTest":false,"isJavaContent":false},{"kind":"binary","path":"C:\\Users\\skumar33\\.m2\\repository\\xalan\\xalan\\2.7.2\\xalan-2.7.2.jar","sourceContainerUrl":"file:/C:/Users/skumar33/.m2/repository/xalan/xalan/2.7.2/xalan-2.7.2-sources.jar","javadocContainerUrl":"file:/C:/Users/skumar33/.m2/repository/xalan/xalan/2.7.2/xalan-2.7.2-javadoc.jar","isSystem":false,"isOwn":false,"isTest":false,"isJavaContent":false},{"kind":"binary","path":"C:\\Users\\skumar33\\.m2\\repository\\xalan\\serializer\\2.7.2\\serializer-2.7.2.jar","sourceContainerUrl":"file:/C:/Users/skumar33/.m2/repository/xalan/serializer/2.7.2/serializer-2.7.2-sources.jar","javadocContainerUrl":"file:/C:/Users/skumar33/.m2/repository/xalan/serializer/2.7.2/serializer-2.7.2-javadoc.jar","isSystem":false,"isOwn":false,"isTest":false,"isJavaContent":false},{"kind":"binary","path":"C:\\Users\\skumar33\\.m2\\repository\\net\\sourceforge\\htmlunit\\htmlunit-core-js\\2.17\\htmlunit-core-js-2.17.jar","sourceContainerUrl":"file:/C:/Users/skumar33/.m2/repository/net/sourceforge/htmlunit/htmlunit-core-js/2.17/htmlunit-core-js-2.17-sources.jar","javadocContainerUrl":"file:/C:/Users/skumar33/.m2/repository/net/sourceforge/htmlunit/htmlunit-core-js/2.17/htmlunit-core-js-2.17-javadoc.jar","isSystem":false,"isOwn":false,"isTest":false,"isJavaContent":false},{"kind":"binary","path":"C:\\Users\\skumar33\\.m2\\repository\\net\\sourceforge\\htmlunit\\neko-htmlunit\\2.21\\neko-htmlunit-2.21.jar","sourceContainerUrl":"file:/C:/Users/skumar33/.m2/repository/net/sourceforge/htmlunit/neko-htmlunit/2.21/neko-htmlunit-2.21-sources.jar","javadocContainerUrl":"file:/C:/Users/skumar33/.m2/repository/net/sourceforge/htmlunit/neko-htmlunit/2.21/neko-htmlunit-2.21-javadoc.jar","isSystem":false,"isOwn":false,"isTest":false,"isJavaContent":false},{"kind":"binary","path":"C:\\Users\\skumar33\\.m2\\repository\\xerces\\xercesImpl\\2.11.0\\xercesImpl-2.11.0.jar","sourceContainerUrl":"file:/C:/Users/skumar33/.m2/repository/xerces/xercesImpl/2.11.0/xercesImpl-2.11.0-sources.jar","javadocContainerUrl":"file:/C:/Users/skumar33/.m2/repository/xerces/xercesImpl/2.11.0/xercesImpl-2.11.0-javadoc.jar","isSystem":false,"isOwn":false,"isTest":false,"isJavaContent":false},{"kind":"binary","path":"C:\\Users\\skumar33\\.m2\\repository\\net\\sourceforge\\cssparser\\cssparser\\0.9.18\\cssparser-0.9.18.jar","sourceContainerUrl":"file:/C:/Users/skumar33/.m2/repository/net/sourceforge/cssparser/cssparser/0.9.18/cssparser-0.9.18-sources.jar","javadocContainerUrl":"file:/C:/Users/skumar33/.m2/repository/net/sourceforge/cssparser/cssparser/0.9.18/cssparser-0.9.18-javadoc.jar","isSystem":false,"isOwn":false,"isTest":false,"isJavaContent":false},{"kind":"binary","path":"C:\\Users\\skumar33\\.m2\\repository\\org\\w3c\\css\\sac\\1.3\\sac-1.3.jar","sourceContainerUrl":"file:/C:/Users/skumar33/.m2/repository/org/w3c/css/sac/1.3/sac-1.3-sources.jar","isSystem":false,"isOwn":false,"isTest":false,"isJavaContent":false},{"kind":"binary","path":"C:\\Users\\skumar33\\.m2\\repository\\org\\eclipse\\jetty\\websocket\\websocket-client\\9.2.15.v20160210\\websocket-client-9.2.15.v20160210.jar","sourceContainerUrl":"file:/C:/Users/skumar33/.m2/repository/org/eclipse/jetty/websocket/websocket-client/9.2.15.v20160210/websocket-client-9.2.15.v20160210-sources.jar","javadocContainerUrl":"file:/C:/Users/skumar33/.m2/repository/org/eclipse/jetty/websocket/websocket-client/9.2.15.v20160210/websocket-client-9.2.15.v20160210-javadoc.jar","isSystem":false,"isOwn":false,"isTest":false,"isJavaContent":false},{"kind":"binary","path":"C:\\Users\\skumar33\\.m2\\repository\\org\\eclipse\\jetty\\jetty-util\\9.2.15.v20160210\\jetty-util-9.2.15.v20160210.jar","sourceContainerUrl":"file:/C:/Users/skumar33/.m2/repository/org/eclipse/jetty/jetty-util/9.2.15.v20160210/jetty-util-9.2.15.v20160210-sources.jar","javadocContainerUrl":"file:/C:/Users/skumar33/.m2/repository/org/eclipse/jetty/jetty-util/9.2.15.v20160210/jetty-util-9.2.15.v20160210-javadoc.jar","isSystem":false,"isOwn":false,"isTest":false,"isJavaContent":false},{"kind":"binary","path":"C:\\Users\\skumar33\\.m2\\repository\\org\\eclipse\\jetty\\jetty-io\\9.2.15.v20160210\\jetty-io-9.2.15.v20160210.jar","sourceContainerUrl":"file:/C:/Users/skumar33/.m2/repository/org/eclipse/jetty/jetty-io/9.2.15.v20160210/jetty-io-9.2.15.v20160210-sources.jar","javadocContainerUrl":"file:/C:/Users/skumar33/.m2/repository/org/eclipse/jetty/jetty-io/9.2.15.v20160210/jetty-io-9.2.15.v20160210-javadoc.jar","isSystem":false,"isOwn":false,"isTest":false,"isJavaContent":false},{"kind":"binary","path":"C:\\Users\\skumar33\\.m2\\repository\\org\\eclipse\\jetty\\websocket\\websocket-common\\9.2.15.v20160210\\websocket-common-9.2.15.v20160210.jar","sourceContainerUrl":"file:/C:/Users/skumar33/.m2/repository/org/eclipse/jetty/websocket/websocket-common/9.2.15.v20160210/websocket-common-9.2.15.v20160210-sources.jar","javadocContainerUrl":"file:/C:/Users/skumar33/.m2/repository/org/eclipse/jetty/websocket/websocket-common/9.2.15.v20160210/websocket-common-9.2.15.v20160210-javadoc.jar","isSystem":false,"isOwn":false,"isTest":false,"isJavaContent":false},{"kind":"binary","path":"C:\\Users\\skumar33\\.m2\\repository\\org\\eclipse\\jetty\\websocket\\websocket-api\\9.2.15.v20160210\\websocket-api-9.2.15.v20160210.jar","sourceContainerUrl":"file:/C:/Users/skumar33/.m2/repository/org/eclipse/jetty/websocket/websocket-api/9.2.15.v20160210/websocket-api-9.2.15.v20160210-sources.jar","javadocContainerUrl":"file:/C:/Users/skumar33/.m2/repository/org/eclipse/jetty/websocket/websocket-api/9.2.15.v20160210/websocket-api-9.2.15.v20160210-javadoc.jar","isSystem":false,"isOwn":false,"isTest":false,"isJavaContent":false},{"kind":"binary","path":"C:\\Users\\skumar33\\.m2\\repository\\commons-collections\\commons-collections\\3.2.2\\commons-collections-3.2.2.jar","sourceContainerUrl":"file:/C:/Users/skumar33/.m2/repository/commons-collections/commons-collections/3.2.2/commons-collections-3.2.2-sources.jar","javadocContainerUrl":"file:/C:/Users/skumar33/.m2/repository/commons-collections/commons-collections/3.2.2/commons-collections-3.2.2-javadoc.jar","isSystem":false,"isOwn":false,"isTest":false,"isJavaContent":false},{"kind":"binary","path":"C:\\Users\\skumar33\\.m2\\repository\\org\\seleniumhq\\selenium\\selenium-firefox-driver\\2.53.1\\selenium-firefox-driver-2.53.1.jar","sourceContainerUrl":"file:/C:/Users/skumar33/.m2/repository/org/seleniumhq/selenium/selenium-firefox-driver/2.53.1/selenium-firefox-driver-2.53.1-sources.jar","javadocContainerUrl":"file:/C:/Users/skumar33/.m2/repository/org/seleniumhq/selenium/selenium-firefox-driver/2.53.1/selenium-firefox-driver-2.53.1-javadoc.jar","isSystem":false,"isOwn":false,"isTest":false,"isJavaContent":false},{"kind":"binary","path":"C:\\Users\\skumar33\\.m2\\repository\\org\\seleniumhq\\selenium\\selenium-ie-driver\\2.53.1\\selenium-ie-driver-2.53.1.jar","sourceContainerUrl":"file:/C:/Users/skumar33/.m2/repository/org/seleniumhq/selenium/selenium-ie-driver/2.53.1/selenium-ie-driver-2.53.1-sources.jar","javadocContainerUrl":"file:/C:/Users/skumar33/.m2/repository/org/seleniumhq/selenium/selenium-ie-driver/2.53.1/selenium-ie-driver-2.53.1-javadoc.jar","isSystem":false,"isOwn":false,"isTest":false,"isJavaContent":false},{"kind":"binary","path":"C:\\Users\\skumar33\\.m2\\repository\\net\\java\\dev\\jna\\jna\\4.1.0\\jna-4.1.0.jar","sourceContainerUrl":"file:/C:/Users/skumar33/.m2/repository/net/java/dev/jna/jna/4.1.0/jna-4.1.0-sources.jar","javadocContainerUrl":"file:/C:/Users/skumar33/.m2/repository/net/java/dev/jna/jna/4.1.0/jna-4.1.0-javadoc.jar","isSystem":false,"isOwn":false,"isTest":false,"isJavaContent":false},{"kind":"binary","path":"C:\\Users\\skumar33\\.m2\\repository\\net\\java\\dev\\jna\\jna-platform\\4.1.0\\jna-platform-4.1.0.jar","sourceContainerUrl":"file:/C:/Users/skumar33/.m2/repository/net/java/dev/jna/jna-platform/4.1.0/jna-platform-4.1.0-sources.jar","javadocContainerUrl":"file:/C:/Users/skumar33/.m2/repository/net/java/dev/jna/jna-platform/4.1.0/jna-platform-4.1.0-javadoc.jar","isSystem":false,"isOwn":false,"isTest":false,"isJavaContent":false},{"kind":"binary","path":"C:\\Users\\skumar33\\.m2\\repository\\org\\seleniumhq\\selenium\\selenium-safari-driver\\2.53.1\\selenium-safari-driver-2.53.1.jar","sourceContainerUrl":"file:/C:/Users/skumar33/.m2/repository/org/seleniumhq/selenium/selenium-safari-driver/2.53.1/selenium-safari-driver-2.53.1-sources.jar","javadocContainerUrl":"file:/C:/Users/skumar33/.m2/repository/org/seleniumhq/selenium/selenium-safari-driver/2.53.1/selenium-safari-driver-2.53.1-javadoc.jar","isSystem":false,"isOwn":false,"isTest":false,"isJavaContent":false},{"kind":"binary","path":"C:\\Users\\skumar33\\.m2\\repository\\io\\netty\\netty\\3.5.7.Final\\netty-3.5.7.Final.jar","sourceContainerUrl":"file:/C:/Users/skumar33/.m2/repository/io/netty/netty/3.5.7.Final/netty-3.5.7.Final-sources.jar","javadocContainerUrl":"file:/C:/Users/skumar33/.m2/repository/io/netty/netty/3.5.7.Final/netty-3.5.7.Final-javadoc.jar","isSystem":false,"isOwn":false,"isTest":false,"isJavaContent":false},{"kind":"binary","path":"C:\\Users\\skumar33\\.m2\\repository\\org\\seleniumhq\\selenium\\selenium-support\\2.53.1\\selenium-support-2.53.1.jar","sourceContainerUrl":"file:/C:/Users/skumar33/.m2/repository/org/seleniumhq/selenium/selenium-support/2.53.1/selenium-support-2.53.1-sources.jar","javadocContainerUrl":"file:/C:/Users/skumar33/.m2/repository/org/seleniumhq/selenium/selenium-support/2.53.1/selenium-support-2.53.1-javadoc.jar","isSystem":false,"isOwn":false,"isTest":false,"isJavaContent":false},{"kind":"binary","path":"C:\\Users\\skumar33\\.m2\\repository\\org\\seleniumhq\\selenium\\selenium-leg-rc\\2.53.1\\selenium-leg-rc-2.53.1.jar","sourceContainerUrl":"file:/C:/Users/skumar33/.m2/repository/org/seleniumhq/selenium/selenium-leg-rc/2.53.1/selenium-leg-rc-2.53.1-sources.jar","javadocContainerUrl":"file:/C:/Users/skumar33/.m2/repository/org/seleniumhq/selenium/selenium-leg-rc/2.53.1/selenium-leg-rc-2.53.1-javadoc.jar","isSystem":false,"isOwn":false,"isTest":false,"isJavaContent":false},{"kind":"binary","path":"C:\\Users\\skumar33\\.m2\\repository\\org\\testng\\testng\\6.10\\testng-6.10.jar","sourceContainerUrl":"file:/C:/Users/skumar33/.m2/repository/org/testng/testng/6.10/testng-6.10-sources.jar","javadocContainerUrl":"file:/C:/Users/skumar33/.m2/repository/org/testng/testng/6.10/testng-6.10-javadoc.jar","isSystem":false,"isOwn":false,"isTest":false,"isJavaContent":false},{"kind":"binary","path":"C:\\Users\\skumar33\\.m2\\repository\\com\\beust\\jcommander\\1.48\\jcommander-1.48.jar","sourceContainerUrl":"file:/C:/Users/skumar33/.m2/repository/com/beust/jcommander/1.48/jcommander-1.48-sources.jar","javadocContainerUrl":"file:/C:/Users/skumar33/.m2/repository/com/beust/jcommander/1.48/jcommander-1.48-javadoc.jar","isSystem":false,"isOwn":false,"isTest":false,"isJavaContent":false},{"kind":"binary","path":"C:\\Users\\skumar33\\.m2\\repository\\org\\json\\json\\20160810\\json-20160810.jar","sourceContainerUrl":"file:/C:/Users/skumar33/.m2/repository/org/json/json/20160810/json-20160810-sources.jar","javadocContainerUrl":"file:/C:/Users/skumar33/.m2/repository/org/json/json/20160810/json-20160810-javadoc.jar","isSystem":false,"isOwn":false,"isTest":false,"isJavaContent":false},{"kind":"binary","path":"C:\\Users\\skumar33\\.m2\\repository\\au\\com\\bytecode\\opencsv\\2.4\\opencsv-2.4.jar","sourceContainerUrl":"file:/C:/Users/skumar33/.m2/repository/au/com/bytecode/opencsv/2.4/opencsv-2.4-sources.jar","javadocContainerUrl":"file:/C:/Users/skumar33/.m2/repository/au/com/bytecode/opencsv/2.4/opencsv-2.4-javadoc.jar","isSystem":false,"isOwn":false,"isTest":false,"isJavaContent":false},{"kind":"binary","path":"C:\\Users\\skumar33\\.m2\\repository\\xml-apis\\xml-apis\\1.4.01\\xml-apis-1.4.01.jar","sourceContainerUrl":"file:/C:/Users/skumar33/.m2/repository/xml-apis/xml-apis/1.4.01/xml-apis-1.4.01-sources.jar","javadocContainerUrl":"file:/C:/Users/skumar33/.m2/repository/xml-apis/xml-apis/1.4.01/xml-apis-1.4.01-javadoc.jar","isSystem":false,"isOwn":false,"isTest":false,"isJavaContent":false},{"kind":"binary","path":"C:\\Users\\skumar33\\.m2\\repository\\org\\hamcrest\\hamcrest-all\\1.3\\hamcrest-all-1.3.jar","sourceContainerUrl":"file:/C:/Users/skumar33/.m2/repository/org/hamcrest/hamcrest-all/1.3/hamcrest-all-1.3-sources.jar","javadocContainerUrl":"file:/C:/Users/skumar33/.m2/repository/org/hamcrest/hamcrest-all/1.3/hamcrest-all-1.3-javadoc.jar","isSystem":false,"isOwn":false,"isTest":false,"isJavaContent":false},{"kind":"binary","path":"C:\\Users\\skumar33\\.m2\\repository\\io\\rest-assured\\rest-assured\\3.0.2\\rest-assured-3.0.2.jar","sourceContainerUrl":"file:/C:/Users/skumar33/.m2/repository/io/rest-assured/rest-assured/3.0.2/rest-assured-3.0.2-sources.jar","javadocContainerUrl":"file:/C:/Users/skumar33/.m2/repository/io/rest-assured/rest-assured/3.0.2/rest-assured-3.0.2-javadoc.jar","isSystem":false,"isOwn":false,"isTest":false,"isJavaContent":false},{"kind":"binary","path":"C:\\Users\\skumar33\\.m2\\repository\\org\\codehaus\\groovy\\groovy\\2.4.6\\groovy-2.4.6.jar","sourceContainerUrl":"file:/C:/Users/skumar33/.m2/repository/org/codehaus/groovy/groovy/2.4.6/groovy-2.4.6-sources.jar","javadocContainerUrl":"file:/C:/Users/skumar33/.m2/repository/org/codehaus/groovy/groovy/2.4.6/groovy-2.4.6-javadoc.jar","isSystem":false,"isOwn":false,"isTest":false,"isJavaContent":false},{"kind":"binary","path":"C:\\Users\\skumar33\\.m2\\repository\\org\\codehaus\\groovy\\groovy-xml\\2.4.6\\groovy-xml-2.4.6.jar","sourceContainerUrl":"file:/C:/Users/skumar33/.m2/repository/org/codehaus/groovy/groovy-xml/2.4.6/groovy-xml-2.4.6-sources.jar","javadocContainerUrl":"file:/C:/Users/skumar33/.m2/repository/org/codehaus/groovy/groovy-xml/2.4.6/groovy-xml-2.4.6-javadoc.jar","isSystem":false,"isOwn":false,"isTest":false,"isJavaContent":false},{"kind":"binary","path":"C:\\Users\\skumar33\\.m2\\repository\\org\\apache\\httpcomponents\\httpclient\\4.5.2\\httpclient-4.5.2.jar","sourceContainerUrl":"file:/C:/Users/skumar33/.m2/repository/org/apache/httpcomponents/httpclient/4.5.2/httpclient-4.5.2-sources.jar","javadocContainerUrl":"file:/C:/Users/skumar33/.m2/repository/org/apache/httpcomponents/httpclient/4.5.2/httpclient-4.5.2-javadoc.jar","isSystem":false,"isOwn":false,"isTest":false,"isJavaContent":false},{"kind":"binary","path":"C:\\Users\\skumar33\\.m2\\repository\\org\\apache\\httpcomponents\\httpcore\\4.4.4\\httpcore-4.4.4.jar","sourceContainerUrl":"file:/C:/Users/skumar33/.m2/repository/org/apache/httpcomponents/httpcore/4.4.4/httpcore-4.4.4-sources.jar","javadocContainerUrl":"file:/C:/Users/skumar33/.m2/repository/org/apache/httpcomponents/httpcore/4.4.4/httpcore-4.4.4-javadoc.jar","isSystem":false,"isOwn":false,"isTest":false,"isJavaContent":false},{"kind":"binary","path":"C:\\Users\\skumar33\\.m2\\repository\\commons-logging\\commons-logging\\1.2\\commons-logging-1.2.jar","sourceContainerUrl":"file:/C:/Users/skumar33/.m2/repository/commons-logging/commons-logging/1.2/commons-logging-1.2-sources.jar","javadocContainerUrl":"file:/C:/Users/skumar33/.m2/repository/commons-logging/commons-logging/1.2/commons-logging-1.2-javadoc.jar","isSystem":false,"isOwn":false,"isTest":false,"isJavaContent":false},{"kind":"binary","path":"C:\\Users\\skumar33\\.m2\\repository\\org\\apache\\httpcomponents\\httpmime\\4.5.1\\httpmime-4.5.1.jar","sourceContainerUrl":"file:/C:/Users/skumar33/.m2/repository/org/apache/httpcomponents/httpmime/4.5.1/httpmime-4.5.1-sources.jar","javadocContainerUrl":"file:/C:/Users/skumar33/.m2/repository/org/apache/httpcomponents/httpmime/4.5.1/httpmime-4.5.1-javadoc.jar","isSystem":false,"isOwn":false,"isTest":false,"isJavaContent":false},{"kind":"binary","path":"C:\\Users\\skumar33\\.m2\\repository\\org\\hamcrest\\hamcrest-core\\1.3\\hamcrest-core-1.3.jar","sourceContainerUrl":"file:/C:/Users/skumar33/.m2/repository/org/hamcrest/hamcrest-core/1.3/hamcrest-core-1.3-sources.jar","javadocContainerUrl":"file:/C:/Users/skumar33/.m2/repository/org/hamcrest/hamcrest-core/1.3/hamcrest-core-1.3-javadoc.jar","isSystem":false,"isOwn":false,"isTest":false,"isJavaContent":false},{"kind":"binary","path":"C:\\Users\\skumar33\\.m2\\repository\\org\\hamcrest\\hamcrest-library\\1.3\\hamcrest-library-1.3.jar","sourceContainerUrl":"file:/C:/Users/skumar33/.m2/repository/org/hamcrest/hamcrest-library/1.3/hamcrest-library-1.3-sources.jar","javadocContainerUrl":"file:/C:/Users/skumar33/.m2/repository/org/hamcrest/hamcrest-library/1.3/hamcrest-library-1.3-javadoc.jar","isSystem":false,"isOwn":false,"isTest":false,"isJavaContent":false},{"kind":"binary","path":"C:\\Users\\skumar33\\.m2\\repository\\org\\ccil\\cowan\\tagsoup\\tagsoup\\1.2.1\\tagsoup-1.2.1.jar","sourceContainerUrl":"file:/C:/Users/skumar33/.m2/repository/org/ccil/cowan/tagsoup/tagsoup/1.2.1/tagsoup-1.2.1-sources.jar","javadocContainerUrl":"file:/C:/Users/skumar33/.m2/repository/org/ccil/cowan/tagsoup/tagsoup/1.2.1/tagsoup-1.2.1-javadoc.jar","isSystem":false,"isOwn":false,"isTest":false,"isJavaContent":false},{"kind":"binary","path":"C:\\Users\\skumar33\\.m2\\repository\\io\\rest-assured\\json-path\\3.0.2\\json-path-3.0.2.jar","sourceContainerUrl":"file:/C:/Users/skumar33/.m2/repository/io/rest-assured/json-path/3.0.2/json-path-3.0.2-sources.jar","javadocContainerUrl":"file:/C:/Users/skumar33/.m2/repository/io/rest-assured/json-path/3.0.2/json-path-3.0.2-javadoc.jar","isSystem":false,"isOwn":false,"isTest":false,"isJavaContent":false},{"kind":"binary","path":"C:\\Users\\skumar33\\.m2\\repository\\org\\codehaus\\groovy\\groovy-json\\2.4.6\\groovy-json-2.4.6.jar","sourceContainerUrl":"file:/C:/Users/skumar33/.m2/repository/org/codehaus/groovy/groovy-json/2.4.6/groovy-json-2.4.6-sources.jar","javadocContainerUrl":"file:/C:/Users/skumar33/.m2/repository/org/codehaus/groovy/groovy-json/2.4.6/groovy-json-2.4.6-javadoc.jar","isSystem":false,"isOwn":false,"isTest":false,"isJavaContent":false},{"kind":"binary","path":"C:\\Users\\skumar33\\.m2\\repository\\io\\rest-assured\\rest-assured-common\\3.0.2\\rest-assured-common-3.0.2.jar","sourceContainerUrl":"file:/C:/Users/skumar33/.m2/repository/io/rest-assured/rest-assured-common/3.0.2/rest-assured-common-3.0.2-sources.jar","javadocContainerUrl":"file:/C:/Users/skumar33/.m2/repository/io/rest-assured/rest-assured-common/3.0.2/rest-assured-common-3.0.2-javadoc.jar","isSystem":false,"isOwn":false,"isTest":false,"isJavaContent":false},{"kind":"binary","path":"C:\\Users\\skumar33\\.m2\\repository\\io\\rest-assured\\xml-path\\3.0.2\\xml-path-3.0.2.jar","sourceContainerUrl":"file:/C:/Users/skumar33/.m2/repository/io/rest-assured/xml-path/3.0.2/xml-path-3.0.2-sources.jar","javadocContainerUrl":"file:/C:/Users/skumar33/.m2/repository/io/rest-assured/xml-path/3.0.2/xml-path-3.0.2-javadoc.jar","isSystem":false,"isOwn":false,"isTest":false,"isJavaContent":false},{"kind":"binary","path":"C:\\Users\\skumar33\\.m2\\repository\\net\\sf\\ehcache\\ehcache\\2.9.0\\ehcache-2.9.0.jar","sourceContainerUrl":"file:/C:/Users/skumar33/.m2/repository/net/sf/ehcache/ehcache/2.9.0/ehcache-2.9.0-sources.jar","javadocContainerUrl":"file:/C:/Users/skumar33/.m2/repository/net/sf/ehcache/ehcache/2.9.0/ehcache-2.9.0-javadoc.jar","isSystem":false,"isOwn":false,"isTest":false,"isJavaContent":false},{"kind":"binary","path":"C:\\Users\\skumar33\\.m2\\repository\\org\\slf4j\\slf4j-api\\1.7.7\\slf4j-api-1.7.7.jar","sourceContainerUrl":"file:/C:/Users/skumar33/.m2/repository/org/slf4j/slf4j-api/1.7.7/slf4j-api-1.7.7-sources.jar","javadocContainerUrl":"file:/C:/Users/skumar33/.m2/repository/org/slf4j/slf4j-api/1.7.7/slf4j-api-1.7.7-javadoc.jar","isSystem":false,"isOwn":false,"isTest":false,"isJavaContent":false},{"kind":"binary","path":"C:\\Users\\skumar33\\.m2\\repository\\org\\slf4j\\slf4j-simple\\1.7.25\\slf4j-simple-1.7.25.jar","sourceContainerUrl":"file:/C:/Users/skumar33/.m2/repository/org/slf4j/slf4j-simple/1.7.25/slf4j-simple-1.7.25-sources.jar","javadocContainerUrl":"file:/C:/Users/skumar33/.m2/repository/org/slf4j/slf4j-simple/1.7.25/slf4j-simple-1.7.25-javadoc.jar","isSystem":false,"isOwn":false,"isTest":false,"isJavaContent":false},{"kind":"binary","path":"C:\\Users\\skumar33\\.m2\\repository\\com\\microsoft\\sqlserver\\sqljdbc4\\4.0\\sqljdbc4-4.0.jar","isSystem":false,"isOwn":false,"isTest":false,"isJavaContent":false},{"kind":"binary","path":"C:\\Users\\skumar33\\.m2\\repository\\org\\apache\\poi\\poi-ooxml\\3.17\\poi-ooxml-3.17.jar","sourceContainerUrl":"file:/C:/Users/skumar33/.m2/repository/org/apache/poi/poi-ooxml/3.17/poi-ooxml-3.17-sources.jar","javadocContainerUrl":"file:/C:/Users/skumar33/.m2/repository/org/apache/poi/poi-ooxml/3.17/poi-ooxml-3.17-javadoc.jar","isSystem":false,"isOwn":false,"isTest":false,"isJavaContent":false},{"kind":"binary","path":"C:\\Users\\skumar33\\.m2\\repository\\org\\apache\\poi\\poi-ooxml-schemas\\3.17\\poi-ooxml-schemas-3.17.jar","isSystem":false,"isOwn":false,"isTest":false,"isJavaContent":false},{"kind":"binary","path":"C:\\Users\\skumar33\\.m2\\repository\\org\\apache\\xmlbeans\\xmlbeans\\2.6.0\\xmlbeans-2.6.0.jar","isSystem":false,"isOwn":false,"isTest":false,"isJavaContent":false},{"kind":"binary","path":"C:\\Users\\skumar33\\.m2\\repository\\stax\\stax-api\\1.0.1\\stax-api-1.0.1.jar","isSystem":false,"isOwn":false,"isTest":false,"isJavaContent":false},{"kind":"binary","path":"C:\\Users\\skumar33\\.m2\\repository\\com\\github\\virtuald\\curvesapi\\1.04\\curvesapi-1.04.jar","sourceContainerUrl":"file:/C:/Users/skumar33/.m2/repository/com/github/virtuald/curvesapi/1.04/curvesapi-1.04-sources.jar","javadocContainerUrl":"file:/C:/Users/skumar33/.m2/repository/com/github/virtuald/curvesapi/1.04/curvesapi-1.04-javadoc.jar","isSystem":false,"isOwn":false,"isTest":false,"isJavaContent":false},{"kind":"binary","path":"C:\\Users\\skumar33\\.m2\\repository\\org\\apache\\poi\\poi\\3.17\\poi-3.17.jar","sourceContainerUrl":"file:/C:/Users/skumar33/.m2/repository/org/apache/poi/poi/3.17/poi-3.17-sources.jar","javadocContainerUrl":"file:/C:/Users/skumar33/.m2/repository/org/apache/poi/poi/3.17/poi-3.17-javadoc.jar","isSystem":false,"isOwn":false,"isTest":false,"isJavaContent":false},{"kind":"binary","path":"C:\\Users\\skumar33\\.m2\\repository\\commons-codec\\commons-codec\\1.10\\commons-codec-1.10.jar","sourceContainerUrl":"file:/C:/Users/skumar33/.m2/repository/commons-codec/commons-codec/1.10/commons-codec-1.10-sources.jar","javadocContainerUrl":"file:/C:/Users/skumar33/.m2/repository/commons-codec/commons-codec/1.10/commons-codec-1.10-javadoc.jar","isSystem":false,"isOwn":false,"isTest":false,"isJavaContent":false},{"kind":"binary","path":"C:\\Users\\skumar33\\.m2\\repository\\org\\apache\\commons\\commons-collections4\\4.1\\commons-collections4-4.1.jar","sourceContainerUrl":"file:/C:/Users/skumar33/.m2/repository/org/apache/commons/commons-collections4/4.1/commons-collections4-4.1-sources.jar","javadocContainerUrl":"file:/C:/Users/skumar33/.m2/repository/org/apache/commons/commons-collections4/4.1/commons-collections4-4.1-javadoc.jar","isSystem":false,"isOwn":false,"isTest":false,"isJavaContent":false},{"kind":"binary","path":"C:\\Users\\skumar33\\.m2\\repository\\org\\apache\\commons\\commons-lang3\\3.8.1\\commons-lang3-3.8.1.jar","sourceContainerUrl":"file:/C:/Users/skumar33/.m2/repository/org/apache/commons/commons-lang3/3.8.1/commons-lang3-3.8.1-sources.jar","javadocContainerUrl":"file:/C:/Users/skumar33/.m2/repository/org/apache/commons/commons-lang3/3.8.1/commons-lang3-3.8.1-javadoc.jar","isSystem":false,"isOwn":false,"isTest":false,"isJavaContent":false},{"kind":"binary","path":"C:\\Users\\skumar33\\.m2\\repository\\com\\berryworks\\edireader\\4.7.3.1\\edireader-4.7.3.1.jar","sourceContainerUrl":"file:/C:/Users/skumar33/.m2/repository/com/berryworks/edireader/4.7.3.1/edireader-4.7.3.1-sources.jar","javadocContainerUrl":"file:/C:/Users/skumar33/.m2/repository/com/berryworks/edireader/4.7.3.1/edireader-4.7.3.1-javadoc.jar","isSystem":false,"isOwn":false,"isTest":false,"isJavaContent":false},{"kind":"binary","path":"C:\\Users\\skumar33\\.m2\\repository\\com\\berryworks\\jquantify\\4.1.3\\jquantify-4.1.3.jar","sourceContainerUrl":"file:/C:/Users/skumar33/.m2/repository/com/berryworks/jquantify/4.1.3/jquantify-4.1.3-sources.jar","javadocContainerUrl":"file:/C:/Users/skumar33/.m2/repository/com/berryworks/jquantify/4.1.3/jquantify-4.1.3-javadoc.jar","isSystem":false,"isOwn":false,"isTest":false,"isJavaContent":false},{"kind":"binary","path":"C:\\Users\\skumar33\\.m2\\repository\\com\\oracle\\ojdbc6\\12.1.0.1-atlassian-hosted\\ojdbc6-12.1.0.1-atlassian-hosted.jar","isSystem":false,"isOwn":false,"isTest":false,"isJavaContent":false},{"kind":"binary","path":"C:\\Users\\skumar33\\.m2\\repository\\com\\relevantcodes\\extentreports\\2.41.2\\extentreports-2.41.2.jar","sourceContainerUrl":"file:/C:/Users/skumar33/.m2/repository/com/relevantcodes/extentreports/2.41.2/extentreports-2.41.2-sources.jar","javadocContainerUrl":"file:/C:/Users/skumar33/.m2/repository/com/relevantcodes/extentreports/2.41.2/extentreports-2.41.2-javadoc.jar","isSystem":false,"isOwn":false,"isTest":false,"isJavaContent":false},{"kind":"binary","path":"C:\\Users\\skumar33\\.m2\\repository\\org\\jsoup\\jsoup\\1.8.3\\jsoup-1.8.3.jar","sourceContainerUrl":"file:/C:/Users/skumar33/.m2/repository/org/jsoup/jsoup/1.8.3/jsoup-1.8.3-sources.jar","javadocContainerUrl":"file:/C:/Users/skumar33/.m2/repository/org/jsoup/jsoup/1.8.3/jsoup-1.8.3-javadoc.jar","isSystem":false,"isOwn":false,"isTest":false,"isJavaContent":false},{"kind":"binary","path":"C:\\Users\\skumar33\\.m2\\repository\\org\\xerial\\sqlite-jdbc\\3.8.11.1\\sqlite-jdbc-3.8.11.1.jar","sourceContainerUrl":"file:/C:/Users/skumar33/.m2/repository/org/xerial/sqlite-jdbc/3.8.11.1/sqlite-jdbc-3.8.11.1-sources.jar","javadocContainerUrl":"file:/C:/Users/skumar33/.m2/repository/org/xerial/sqlite-jdbc/3.8.11.1/sqlite-jdbc-3.8.11.1-javadoc.jar","isSystem":false,"isOwn":false,"isTest":false,"isJavaContent":false},{"kind":"binary","path":"C:\\Users\\skumar33\\.m2\\repository\\org\\freemarker\\freemarker\\2.3.23\\freemarker-2.3.23.jar","sourceContainerUrl":"file:/C:/Users/skumar33/.m2/repository/org/freemarker/freemarker/2.3.23/freemarker-2.3.23-sources.jar","javadocContainerUrl":"file:/C:/Users/skumar33/.m2/repository/org/freemarker/freemarker/2.3.23/freemarker-2.3.23-javadoc.jar","isSystem":false,"isOwn":false,"isTest":false,"isJavaContent":false},{"kind":"binary","path":"C:\\Users\\skumar33\\.m2\\repository\\org\\mongodb\\mongodb-driver\\3.0.4\\mongodb-driver-3.0.4.jar","sourceContainerUrl":"file:/C:/Users/skumar33/.m2/repository/org/mongodb/mongodb-driver/3.0.4/mongodb-driver-3.0.4-sources.jar","javadocContainerUrl":"file:/C:/Users/skumar33/.m2/repository/org/mongodb/mongodb-driver/3.0.4/mongodb-driver-3.0.4-javadoc.jar","isSystem":false,"isOwn":false,"isTest":false,"isJavaContent":false},{"kind":"binary","path":"C:\\Users\\skumar33\\.m2\\repository\\org\\mongodb\\bson\\3.0.4\\bson-3.0.4.jar","sourceContainerUrl":"file:/C:/Users/skumar33/.m2/repository/org/mongodb/bson/3.0.4/bson-3.0.4-sources.jar","javadocContainerUrl":"file:/C:/Users/skumar33/.m2/repository/org/mongodb/bson/3.0.4/bson-3.0.4-javadoc.jar","isSystem":false,"isOwn":false,"isTest":false,"isJavaContent":false},{"kind":"binary","path":"C:\\Users\\skumar33\\.m2\\repository\\org\\mongodb\\mongodb-driver-core\\3.0.4\\mongodb-driver-core-3.0.4.jar","sourceContainerUrl":"file:/C:/Users/skumar33/.m2/repository/org/mongodb/mongodb-driver-core/3.0.4/mongodb-driver-core-3.0.4-sources.jar","javadocContainerUrl":"file:/C:/Users/skumar33/.m2/repository/org/mongodb/mongodb-driver-core/3.0.4/mongodb-driver-core-3.0.4-javadoc.jar","isSystem":false,"isOwn":false,"isTest":false,"isJavaContent":false},{"kind":"binary","path":"C:\\Users\\skumar33\\.m2\\repository\\com\\github\\ffpojo\\ffpojo-parent\\1.0\\ffpojo-parent-1.0.jar","isSystem":false,"isOwn":false,"isTest":false,"isJavaContent":false},{"kind":"binary","path":"C:\\Users\\skumar33\\.m2\\repository\\com\\bsc\\bqsa\\AutomationStringUtilities\\0.0.1-SNAPSHOT\\AutomationStringUtilities-0.0.1-SNAPSHOT.jar","isSystem":false,"isOwn":false,"isTest":false,"isJavaContent":false},{"kind":"binary","path":"C:\\Users\\skumar33\\.m2\\repository\\org\\hibernate\\hibernate-core\\4.3.5.Final\\hibernate-core-4.3.5.Final.jar","sourceContainerUrl":"file:/C:/Users/skumar33/.m2/repository/org/hibernate/hibernate-core/4.3.5.Final/hibernate-core-4.3.5.Final-sources.jar","isSystem":false,"isOwn":false,"isTest":false,"isJavaContent":false},{"kind":"binary","path":"C:\\Users\\skumar33\\.m2\\repository\\org\\jboss\\logging\\jboss-logging\\3.1.3.GA\\jboss-logging-3.1.3.GA.jar","sourceContainerUrl":"file:/C:/Users/skumar33/.m2/repository/org/jboss/logging/jboss-logging/3.1.3.GA/jboss-logging-3.1.3.GA-sources.jar","javadocContainerUrl":"file:/C:/Users/skumar33/.m2/repository/org/jboss/logging/jboss-logging/3.1.3.GA/jboss-logging-3.1.3.GA-javadoc.jar","isSystem":false,"isOwn":false,"isTest":false,"isJavaContent":false},{"kind":"binary","path":"C:\\Users\\skumar33\\.m2\\repository\\org\\jboss\\logging\\jboss-logging-annotations\\1.2.0.Beta1\\jboss-logging-annotations-1.2.0.Beta1.jar","sourceContainerUrl":"file:/C:/Users/skumar33/.m2/repository/org/jboss/logging/jboss-logging-annotations/1.2.0.Beta1/jboss-logging-annotations-1.2.0.Beta1-sources.jar","javadocContainerUrl":"file:/C:/Users/skumar33/.m2/repository/org/jboss/logging/jboss-logging-annotations/1.2.0.Beta1/jboss-logging-annotations-1.2.0.Beta1-javadoc.jar","isSystem":false,"isOwn":false,"isTest":false,"isJavaContent":false},{"kind":"binary","path":"C:\\Users\\skumar33\\.m2\\repository\\org\\jboss\\spec\\javax\\transaction\\jboss-transaction-api_1.2_spec\\1.0.0.Final\\jboss-transaction-api_1.2_spec-1.0.0.Final.jar","sourceContainerUrl":"file:/C:/Users/skumar33/.m2/repository/org/jboss/spec/javax/transaction/jboss-transaction-api_1.2_spec/1.0.0.Final/jboss-transaction-api_1.2_spec-1.0.0.Final-sources.jar","javadocContainerUrl":"file:/C:/Users/skumar33/.m2/repository/org/jboss/spec/javax/transaction/jboss-transaction-api_1.2_spec/1.0.0.Final/jboss-transaction-api_1.2_spec-1.0.0.Final-javadoc.jar","isSystem":false,"isOwn":false,"isTest":false,"isJavaContent":false},{"kind":"binary","path":"C:\\Users\\skumar33\\.m2\\repository\\dom4j\\dom4j\\1.6.1\\dom4j-1.6.1.jar","sourceContainerUrl":"file:/C:/Users/skumar33/.m2/repository/dom4j/dom4j/1.6.1/dom4j-1.6.1-sources.jar","isSystem":false,"isOwn":false,"isTest":false,"isJavaContent":false},{"kind":"binary","path":"C:\\Users\\skumar33\\.m2\\repository\\org\\hibernate\\common\\hibernate-commons-annotations\\4.0.4.Final\\hibernate-commons-annotations-4.0.4.Final.jar","sourceContainerUrl":"file:/C:/Users/skumar33/.m2/repository/org/hibernate/common/hibernate-commons-annotations/4.0.4.Final/hibernate-commons-annotations-4.0.4.Final-sources.jar","isSystem":false,"isOwn":false,"isTest":false,"isJavaContent":false},{"kind":"binary","path":"C:\\Users\\skumar33\\.m2\\repository\\org\\javassist\\javassist\\3.18.1-GA\\javassist-3.18.1-GA.jar","sourceContainerUrl":"file:/C:/Users/skumar33/.m2/repository/org/javassist/javassist/3.18.1-GA/javassist-3.18.1-GA-sources.jar","javadocContainerUrl":"file:/C:/Users/skumar33/.m2/repository/org/javassist/javassist/3.18.1-GA/javassist-3.18.1-GA-javadoc.jar","isSystem":false,"isOwn":false,"isTest":false,"isJavaContent":false},{"kind":"binary","path":"C:\\Users\\skumar33\\.m2\\repository\\antlr\\antlr\\2.7.7\\antlr-2.7.7.jar","isSystem":false,"isOwn":false,"isTest":false,"isJavaContent":false},{"kind":"binary","path":"C:\\Users\\skumar33\\.m2\\repository\\org\\jboss\\jandex\\1.1.0.Final\\jandex-1.1.0.Final.jar","sourceContainerUrl":"file:/C:/Users/skumar33/.m2/repository/org/jboss/jandex/1.1.0.Final/jandex-1.1.0.Final-sources.jar","isSystem":false,"isOwn":false,"isTest":false,"isJavaContent":false},{"kind":"binary","path":"C:\\Users\\skumar33\\.m2\\repository\\org\\hibernate\\hibernate-entitymanager\\4.3.5.Final\\hibernate-entitymanager-4.3.5.Final.jar","sourceContainerUrl":"file:/C:/Users/skumar33/.m2/repository/org/hibernate/hibernate-entitymanager/4.3.5.Final/hibernate-entitymanager-4.3.5.Final-sources.jar","isSystem":false,"isOwn":false,"isTest":false,"isJavaContent":false},{"kind":"binary","path":"C:\\Users\\skumar33\\.m2\\repository\\org\\hibernate\\javax\\persistence\\hibernate-jpa-2.1-api\\1.0.0.Final\\hibernate-jpa-2.1-api-1.0.0.Final.jar","sourceContainerUrl":"file:/C:/Users/skumar33/.m2/repository/org/hibernate/javax/persistence/hibernate-jpa-2.1-api/1.0.0.Final/hibernate-jpa-2.1-api-1.0.0.Final-sources.jar","javadocContainerUrl":"file:/C:/Users/skumar33/.m2/repository/org/hibernate/javax/persistence/hibernate-jpa-2.1-api/1.0.0.Final/hibernate-jpa-2.1-api-1.0.0.Final-javadoc.jar","isSystem":false,"isOwn":false,"isTest":false,"isJavaContent":false},{"kind":"source","path":"H:\\git\\bor-ui\\bor-file-generator-ui\\src\\main\\java","outputFolder":"H:\\git\\bor-ui\\bor-file-generator-ui\\target\\classes","javadocContainerUrl":"file:/H:/git/bor-ui/bor-file-generator-ui/target/site/apidocs","isSystem":false,"isOwn":true,"isTest":false,"isJavaContent":true},{"kind":"source","path":"H:\\git\\bor-ui\\bor-file-generator-ui\\src\\test\\java","outputFolder":"H:\\git\\bor-ui\\bor-file-generator-ui\\target\\test-classes","javadocContainerUrl":"file:/H:/git/bor-ui/bor-file-generator-ui/target/site/apidocs","isSystem":false,"isOwn":true,"isTest":true,"isJavaContent":true},{"kind":"source","path":"H:\\git\\bor-ui\\bor-file-generator-ui\\src\\main\\resources","outputFolder":"H:\\git\\bor-ui\\bor-file-generator-ui\\target\\classes","isSystem":false,"isOwn":true,"isTest":false,"isJavaContent":false},{"kind":"source","path":"H:\\git\\bor-ui\\bor-file-generator-ui\\src\\test\\resources","outputFolder":"H:\\git\\bor-ui\\bor-file-generator-ui\\target\\test-classes","isSystem":false,"isOwn":true,"isTest":true,"isJavaContent":false},{"kind":"source","path":"H:\\git\\bor-ui\\bor-file-generator-ui\\src\\test\\java","outputFolder":"H:\\git\\bor-ui\\bor-file-generator-ui\\target\\test-classes","javadocContainerUrl":"file:/H:/git/bor-ui/bor-file-generator-ui/target/site/apidocs","isSystem":false,"isOwn":true,"isTest":false,"isJavaContent":false}]}